Position,Name,CPU,Clock Speed,Score (cb),Extra Info
1,Lays,Intel Core I7 7700K,5.525ghz,248,
2,done12many2,Intel Core I7 7700K,5.601ghz,247,
3,ProKoN,Intel Core I7 7700K,5.536ghz,243,
4,done12many2,Intel Core I9 7900X,5.3ghz,238,
5,Jumper118,Intel Core I5 6600K,5.444ghz,237,
6,LSky,Intel Core I7 8700K,5.426ghz,237,
7,MageTank,Intel Core I7 8700K,5.399ghz,235,
8,Ethan2163,Intel Core I7 8700K,5.301ghz,235,
9,SlowMixit,Intel Core I7 8086K,5.457ghz,235,
10,Cookybiscuit,Intel Core I7 8700K,5.3ghz,234,
11,done12many2,Intel Core I7 8700K,5.2ghz,234,
12,ProKoN,Intel Core I7 4790K,5.776ghz,232,dice dice baby https://www.youtube.com/watch?v=rog8ou-ZepE
13,Bubblewhale,Intel Core I7 7700K,5.3ghz,232,
14,Shzzit,Intel Core I7 8700K,5.3ghz,232,
15,rfcokilljoy,Intel Core I5 7600K,5.3ghz,230,
16,Mephi00,Intel Core I9 9900K,5.3ghz,229,
16,Legendarypoet,Intel Core I7 8700K,5.2ghz,228,
18,ProKoN,Intel Core I7 6700K,5.152ghz,227,
19,TahoeDust,fake extreme cpu :P,5.1ghz,227,
20,thenotoriousmma,Intel Core I7 8700K,5.2ghz,226,
21,ViBEE,Intel Core I7 8700K,5.2ghz,225,
22,Masada02,another fake extreme cpu :P,5.2ghz,224,
23,VagabondWraith,fake extreme cpu :P,5ghz,224,
24,ProKoN,Intel Core I3 6100,5161ghz,223,
25,LSky,Intel Core I7 7700K,5.1ghz,222,
26,kwongsir,Intel Core I5 8600K,5.1ghz,222,
27,Jumper118,Intel Core I3 6100,5.148ghz,221,
28,Methos,Intel Core I5 4690K,5.503ghz,220,
29,Zeny1,Intel Core I7 8700K,5ghz,220,
30,SebastianEier,Intel Core I9 9900K,5.023ghz,220,
31,Masada02,Intel Core I7 8700K,5.1ghz,220,
32,Mister Woof,Intel Core I7 8700K,5ghz,220,
33,Isstefan,Intel Core I5 7600K,5.1ghz,219,
34,stlwrx,Intel Core I7 8600K,5ghz,217,
35,Cloveh,Intel Core I7 8700K,5ghz,217,
36,done12many2,Intel Core I9 7920X,4.8ghz,216,
37,Cheddle,somecrapintelthrowoutcostheygotscaredofthreadripper,4.8ghz,215,
38,jstudrawa,Intel Core I7 8700K,5ghz,215,
39,mkdragon,Intel Core I7 7700K,5.1ghz,215,
39,Dellers,Intel Core I7 8700K,4.901ghz,215,
41,Simon771,Intel Core I7 8600K,5ghz,213,
42,LSky,Intel Core I7 6700K,5ghz,212,
43,AMGPower,Intel Core I7 7820X,4.8ghz,212,
44,Jumper118,Intel Core I5 3570K,5.803ghz,211,
45,Joostan,Intel Core I7 8700K,4.9ghz,211,
46,DeathPheonix,Intel Core I9 7920X,4.8ghz,211,
47,gt403cyl,Intel Core I7 6700K,4.911ghz,210,
48,Jumper118,Intel Core I3 6320,4.83ghz,210,
49,suprageo,Intel Core I7 6700K,4.923ghz,210,
50,Mutoh,Intel Core I7 6700K,4.8ghz,210,
51,Growlithe,Intel Core I7 6700K,4.8ghz,210,
52,Bubblewhale,Intel Core I7 7700K,4.9ghz,210,
53,Jumper118,AMD Ryzen 7 2700X,4.985ghz,210,
54,Br3tt96,Intel Core I7 4790K,5.2ghz,208,
55,O9B0666,Intel Core I7 8700K,4.9ghz,207,
56,BigidaJigida,Intel Core I9 9900K,4.8ghz,206,
57,ProKoN,Intel Core I5 4690K MKII,5.239ghz,205,
58,knobster368,Intel Core I7 6700K,4.7ghz,205,
59,Darkman,Intel Core I7 6700K,4.701ghz,205,
60,Ronnie76,Intel Core I7 4790K,5ghz,204,
61,maybethisnamewillwork,Intel Core I7 4790K,5.104ghz,204,
62,ProKoN,Intel Core I5 4670K,5.1ghz,203,
63,ProKoN,Intel Pentium G3258,5.208ghz,203,
64,G3CK,Intel Core I7 6700K,4.7ghz,203,
65,Morgan NLGman,Intel Core I7 6700K,4.7ghz,203,
66,dexT,Intel Core I7 5820K,4.876ghz,203,
67,done12many2,Intel Core I7 5960X ,4.962ghz,203,
68,TheHawzzy,Intel Core I7 8700K,4.4ghz,203,
69,Lays,Intel Core I7 4770K,4.978ghz,202,
70,Master Disaster,Intel Core I7 6700K,4.7ghz,201,
71,domiurg,Intel Core I7 6700K,4.7ghz,201,
72,NinjaTerd,Intel Core I7 6700K,4.7ghz,201,
73,paddy-stone,Intel Core I7 6700K,4.7ghz,201,
74,Masada02,Intel Core I7 5960X ,4.9ghz,200,
75,The76i,Intel Core I5 8600K,4.6ghz,200,
76,SkilledRebuilds,Intel Core I7 4790K,4.807ghz,200,
77,kurtbarker,Intel Core I7 6700K,4.6ghz,199,
78,ProKoN,Intel Core I7 2700K,5.617ghz,199,
79,0ld_Chicken,Intel Core I7 4790K,5ghz,199,
80,Jumper118,Intel Core I5 2500K,5.625ghz,198,
81,ProKoN,Intel Core I5 4690K,5ghz,197,
82,Jamesrideout2,Intel Core I7 5960X ,4.832ghz,197,
83,Jumper118,AMD Ryzen 5 2600X,4.648ghz,196,
84,YoloSwag,Intel Core I5 6600K,4.5ghz,195,
85,Razzaa,Intel Core I7 4790K,4.837ghz,194,
86,OCing Noob,Intel Core I5 4790K,5ghz,194,
87,DeathPheonix,Intel Core I7 4790K,4.8ghz,194,
88,done12many2,Intel Core I7 4790K,4.804ghz,194,
89,Jumper118,Intel Pentium G3258,4.951ghz,193,
90,CthulDude,Intel Core I7 4770K,4.9ghz,193,
91,Princess Cadence,Intel Core I7 8700,4.428ghz,192,
92,D.A.M IT!,Intel Core I7 6950X,4.5ghz,192,
93,Jumper118,Intel Core I7 2600K,5.406ghz,191,
94,Yeater,Intel Core I7 4790K,4.806ghz,191,
95,t-scene,Intel Core I7 4790K,4.8ghz,191,
96,Ramrod126,Intel Core I5 6600K,4.611ghz,191,
97,IHardware Shelden,Intel Core I7 7700K,4.2ghz,191,
98,Krzyimprt,Intel Core I5 6600K,4.4ghz,191,
99,FellTheSky,Intel Core I5 6400 ,4.419ghz,191,
100,Tam3n,Intel Core I7 3970X,5.4ghz,190,
101,nick name,AMD Ryzen 7 2700X,4.52ghz,190,
102,TheElt,Intel Core I5 4690K,4.8ghz,189,
103,WildChickenNutz,Intel Core I7 4790K,4.9ghz,189,
104,thekeemo,Intel Core I7 4790K,4.8ghz,189,
105,levibaker88,Intel Core I7 4790K,4.7ghz,189,
106,Scott17818,Intel Core I7 6700K,4.554ghz,189,
107,KeltonDSMer,Intel Core I3 6100,4.514ghz,189,
108,HazMatt,Intel Core I5 4690K,4.8ghz,188,
109,KingCry,Intel Core I7 4770K MKII,4.7ghz,188,
110,Dabombinable,Intel Core I7 4790K,4.8ghz,188,
111,AlexCo,Intel Core I7 6950X,4.4ghz,188,
112,Frankz,Intel Core I7 5820K,4.7ghz,187,
113,runit3,Intel Pentium G3258,4.9ghz,187,
114,Jumper118,Intel Core I5 2550K,5.35ghz,187,
115,gt403cyl,Intel Core I7 4770K,4.7ghz,187,
116,AlexCo,Intel Core I7 6800K,4.4ghz,187,
117,indika.lk,Intel Core I5 6600K,4.375ghz,187,
118,Spongy141,Intel Core I5 4690K,4.7ghz,187,
119,NeGaTo,Intel Core I5 2500K,5.299ghz,187,
120,amadino13,Intel Core I7 4790K,4.7ghz,186,
121,bamerx98,Intel Core I7 4790K,4.7ghz,186,
122,Speedsterx7,Intel Core I7 7700K,4.2ghz,186,
123,ProKoN,Intel Core I7 4770K,4.725ghz,185,
124,TheDigitalRealm,Intel Core I7 3770K,5ghz,184,
125,SpyRosL,Intel Core I5 3570K,5.139ghz,184,
126,WaitForMeImOnDialUp,Intel Core I7 4770K,4.6ghz,184,
127,TKmebrah,Intel Core I7 5820K,4.7ghz,184,
128,ViBEE,Intel Core I7 5820K,4.625ghz,184,
129,Jumper118,Intel Core I7 3770K,5.05ghz,183,Mpower 1.575V
130,Vaub,Intel Core I7 5820K,4.5ghz,183,
131,Belezeebub,Intel Core I7 5960X ,4.679ghz,183,
132,VSG,Intel Core I7 4770K,4.633ghz,182,
133,Jumper118,Intel Pentium G3258 (MK II),4.7ghz,182,
134,KingCry,Intel Core I7 4770K,4.6ghz,182,
135,Darkblade2117,Intel Core I3 6100T,4.292ghz,182,
136,MrZeroGood,Intel Core I7 4790K,4.7ghz,182,
137,TheGingerKid,Intel Core I5 4690K,4.713ghz,181,
139,Ragin Asian,Intel Core I5 4690K,4.6ghz,181,
140,tc3driver,Intel Core I7 4790K,4.7ghz,181,
141,Leo ft. Jumper118,Intel Core I5 3570K,5.030ghz,181,
142,Curufinwe_wins,Intel Core I7 5820K,4.6ghz,181,
143,Filthyscum,Intel Core I9 7960X,4.2ghz,181,
144,Overl0rd,Intel Core I7 2600K,5.101ghz,180,
145,retsel007,Intel Core I7 4930K,5ghz,180,
146,deathjester,Intel Core I7 4770K,4.5ghz,180,
147,Thorium19,Intel Core I7 4790K,4.6ghz,180,
148,LSky,Intel Core I5 4690K,4.6ghz,180,
149,Koori,Intel Core I5 4670K,4.6ghz,179,
150,tmcclelland455,Intel Pentium G3258,4.7ghz,179,
151,spanky1991,Intel Core I7 5820K,4.4ghz,179,
152,PHWOARR,Intel Core I7 6700K,4ghz,179,
153,SparkyRain,Intel Core I5 4690K,4.6ghz,179,
154,DildorTheDecent,Intel Core I5 3570K,4.9ghz,178,
156,OCing Noob,Intel Core I5 4690K,4.509ghz,178,
157,TheUnsimlingCat,Intel Core I7 6800K,4.5ghz,178,
158,Jumper118,AMD Ryzen 7 1800X,4.266ghz,178,
159,0x0000001,AMD Ryzen 7 2700X,4.35ghz,178,
160,Tech Wizard,Intel Xeon E5 1650 V2,4.899ghz,178,
161,harrynowl,Intel Pentium G3258,4.7ghz,177,
162,MightyUnit,Inttel Core I7 3770K,5ghz,177,
163,buzzinkeegs,AMD Ryzen 7 1800X,4.24ghz,177,
164,CzarFrog,Intel Core I7 4790K,4ghz,176,
165,awettree,Intel Core I7 5960X ,4.5ghz,176,
166,TheLhent,Intel Core i7 3930K,5.1ghz,176,
167,Serin,Intel Core I7 5960X ,4.5ghz,176,
168,Djxinator,Intel Core I7 6800K,4.2ghz,176,
169,Tech Wizard,Intel Core I7 3820,5.023ghz,176,
170,Bubblewhale,Intel Core I7 2600K,5.0ghz,176,
171,overthebars39,AMD Ryzen 7 2700X,4.1ghz,176,
172,TheJammieDodger,Intel Pentium G3258,4.6ghz,175,
173,DeathPheonix,Intel Core I7 6850K,4.3ghz,175,
174,ghostdogg,Intel Core I7 5820K,4.5ghz,174,
175,Madspec,Intel Core I7 4770K,4.4ghz,174,
176,HazMatt,Intel Core I5 2500K,5ghz,174,
177,Anthariel,Intel Core I7 5820K,4.6ghz,174,
178,DeathPheonix,Intel Core I7 5930K,4.5ghz,174,
179,Tech Wizard,Intel Core I7 3930K,4.957ghz,174,
180,runit3,Intel Core I7 5960X ,4.376ghz,173,
181,mrbulle,Intel Core I7 4960X,4.8ghz,173,
182,Leo,Intel Core I5 3570K,4.8ghz,173,
183,Gazereths,Intel Core I7 4790K,4.4ghz,173,
184,AlexCo,AMD Ryzen 7 1700,4.375ghz,173,
185,Do Duc Huy,Intel Core I7 2600K,5ghz,173,
186,shakenbreak,Intel Core I5 2500K,5ghz,173,
187,Cheddle,AMD Ryzen 7 2700X,4.25ghz,173,
188,Crowzer,AMD Ryzen 7 2700X,4.25ghz,173,
189,P4LL3R,Intel Core I7 5960X ,4.5ghz,172,
190,Tech Wizard,Intel Xeon E5 1650 ,4.909ghz,172,
191,Axiste,Intel Core I9 7920X,4.3ghz,172,
192,spuntheone,Intel Core I5 4690K,4.3ghz,172,
193,KingCry,AMD Ryzen 7 2700X,4.2ghz,172,
194,Dabobminable,Intel Core I7 4790K,4.4ghz,171,
195,done12many2,AMD Ryzen 1950X,4.098ghz,171,
196,agent_x007,Intel Core I7 4960X,4.733ghz,171,
197,lucasalles,Intel Core I7 5930K,4.4ghz,170,
198,Demonking,Intel Core I5 4670K,4.4ghz,170,
199,Django,Intel Core I7 3770K,4.7ghz,170,
200,PianoPlayer88Key,Intel Core I7 4790K,4.4ghz,170,
201,tbob22,Intel Xeon E5 1650 ,4.934ghz,170,
202,Wyes,Intel Core I5 4690K,4.5ghz,170,
203,Slugdude,Intel Pentium G3258,4.5ghz,170,
204,Damascus,Intel Core I7 6950X,3ghz,170,
205,G33k 4 L1F3,Intel Pentium G3258,4.5ghz,169,
206,Heydan83,Intel Core I7 3770K,4.7ghz,169,
207,Mr.Meerkat,Intel Core I7 5820K,4.2ghz,169,
208,Tech Wizard,Intel Core I7 4930K,4.6ghz,169,
209,Leonard,Intel Core I5 3570K,4.7ghz,168,
210,Tytan64,AMD Ryzen 7 1700,4.090ghz,168,
211,KeltonDSMer,Intel Pentium G3258,4.56ghz,167,
212,KingCry ,Intel Core I7 4770K,4.2ghz,167,
213,Jumper118,AMD Ryzen 5 1500X,3.992ghz,167,
214,Lemon Wolf,AMD Ryzen 1950X,4.039ghz,167,
215,tbob22,Intel Xeon E5 1680 V2,4.6ghz,167,
216,This kid builds pc,Intel Core I7 2600K,4.691ghz,167,
217,buzzinkeegs,AMD Ryzen 5 1500X,4.090ghz,167,
218,Lmp,Intel Core I7 5820K,4.4ghz,166,
219,pmf026,Intel Core I7 6850K,4ghz,166,
220,Reutech,Intel Core I7 7820X,4.3ghz,166,
221,bAdWindy,Intel Core I5 2500K,4.847ghz,166,
222,YourGadgetGuy,AMD Ryzen 2950X,4.049ghz,166,
223,stevv,Intel Core I7 2600K,4.789ghz,165,
224,Evanair,AMD Ryzen 7 1800X,4.092ghz,165,
225,mcplaza,AMD Ryzen 7 1800X,4ghz,165,
226,Dickielam,AMD Ryzen 7 1800X,3.999ghz,164,
227,CrypticSnow,AMD Ryzen 7 2700X,4.275ghz,164,
228,batpanda,Intel Core I7 5820K,4.2ghz,163,
229,purple_rider,Intel Xeon E3 1240 V5,3.5ghz,163,
230,NathanLawr0,Intel Core I7 6700,3.4ghz,163,
231,communistwatermelon,Intel Core I7 2600K,4.612ghz,162,
232,AlexCo,AMD Ryzen 7 1800X,4.067ghz,162,
233,This kid builds pc,AMD Ryzen 7 1700,3.993ghz,162,
234,Ashiella,AMD Ryzen 7 1700,3.939ghz,162,
235,Analog,Intel Core I7 3820,4.7ghz,161,
236,runit3,Intel Core I5 2550K,4.7ghz,161,
237,Mr.Meerkat,AMD Ryzen 7 1700,3.898ghz,161,
238,dogger20011,AMD Ryzen 7 1700,4ghz,161,
239,captain_cereal_hands,Intel Core I7 6800K,3.5ghz,161,
240,BlizzHeroNuka,Intel Core I7 5820K,4.1ghz,160,
241,Evanair,AMD Ryzen 7 1800X,4.041ghz,160,
242,GoogleGonnaSaveUs,Intel Xeon E3 1240 V5,3.5ghz,160,
243,KingCry,Intel Core I7 4770,3.7ghz,160,
244,Mooshi,Intel Core I7 2500K,4.6ghz,159,
245,BeastlyCarrot,Intel Core I7 3770K,4.6ghz,159,
246,dave_k,AMD Ryzen 5 1600,3.89ghz,159,
247,nicstar,Intel Core I7 3770K,4.5ghz,158,
248,Reutech,Intel Core I7 5820K,4.3ghz,158,
249,Deusrex,AMD Ryzen 7 1700X,3.975ghz,158,
250,kinski,AMD Ryzen 5 2400G,4ghz,158,
251,Tech Wizard,Intel Core I7 4770,3.4ghz,158,
252,ProKoN,Intel Core I7 980X,5.254ghz,157,
253,PingPangbv,Intel Core i7 3930K,4.6ghz,157,
254,GoogleGonnaSaveUs,Intel Xeon E3 1240 V5,3.5ghz,157,
255,Cactusoldman,AMD Ryzen 1950X,3.7ghz,157,
256,bkb1978,Intel Core I7 3770,4.27ghz,157,
257,agent_x007,Intel Xeon E5 1680 V2,4.4ghz,157,
258,TehMasterSword,Intel Core I5 4690K,4.1ghz,156,
259,Levent,Intel Core I5 3570K,4.4ghz,156,
260,Nah Xirok,AMD Ryzen 7 1700,3.807ghz,156,
261,Srnewbee,Intel Core I7 3770K,4.5ghz,156,
262,thekeemo,Intel Core I7 3820,3.6ghz,155,
263,scottyseng,Intel Core I5 2500K,4.6ghz,155,
264,Coaxialgamer,AMD Ryzen 7 1700,3.8ghz,155,
265,DarkMatterX1,AMD Ryzen 5 1600X,3.95ghz,155,
266,DickieIam,AMD Ryzen 7 1800X,3.85ghz,155,
267,Whitshad,AMD Ryzen 7 1700,3.724ghz,154,
268,LOLPhilips,Intel Core I7 3930K,4.5ghz,153,
269,TheElt,Intel Core I5 4690K,3.5ghz,153,
270,Schern,Intel Core I7 4770K,3.9ghz,152,
271,maxtch,Intel Xeon E3 1231 V3,3.446ghz,152,
272,kinski,AMD Ryzen 7 1700,3.8ghz,152,
273,Reutech,Intel Core I7 6800K,4.2ghz,152,
274,Princess Cadence,Intel Core I7 6700,3.4ghz,152,
275,edschofield15,Intel Core I7 3770K,4.5ghz,151,
276,Rainin,Intel Core I7 5820K,3.8ghz,151,
277,ErickS89,Intel Core I7 3820 ,4.4ghz,150,
278,Cheddle,Intel Core I7 5820K,4.645ghz,150,
279,Simon,AMD Ryzen 7 1700,3.824ghz,150,
280,Godlygamer23,Intel Core I5 3570K,4.2ghz,149,
281,ProKoN,Intel Xeon X5650,4.954ghz,149,
282,Ground,Intel Xeon E5640,4.808ghz,149,
283,iHardware Shelden,Intel Core I5 7400,3ghz,149,
284,Tech Wizard,Intel Core I5 7300HQ,2.5ghz,149,
285,Bob CAD,Intel Core I7 3960X,4.3ghz,148,
286,canadianultra,Intel Core I5 4670K,3.8ghz,147,
287,kinski,Intel Pentium G4560,3.5ghz,147,
288,Bubblewhale,Intel Core I5 6500 ,3.368ghz,147,
289,Kizune,2x Intel Xeon E5 2697A V4,2.66ghz,147,
290,Kibbz,AMD Ryzen 7 1700,3.591ghz,147,
291,agent_x007,Intel Core 2 Duo E8400,4.752ghz,146,
292,Pasi123,Intel Core I5 6500 ,3.2ghz,146,
293,Daan033,AMD Ryzen 5 1400,3.7ghz,146,
294,DeanS,Intel Xeon X5690,4.812ghz,145,
295,MightyHammer,AMD Ryzen 5 1600,3.5ghz,145,
296,flibberdipper,Intel Core I5 3570K,3.743ghz,145,
297,devilsdesigner,Intel Core I7 4930K,4.1ghz,144,
298,Jakes9073,Intel Core I7 2600K,4.385ghz,144,
299,Jumper118,AMD FX9590,5.972ghz,144,
300,Ground,Intel Xeon E5620,4.3ghz,144,
301,lightningterror,Intel Core I3 4160,3.6ghz,143,
302,KingCry,Intel Core I7 4720HQ,2.6ghz,143,
303,BULLETBEEF JA,Intel Core I7 2600,4.074ghz,143,
304,herman mcpootis,Intel Core I7 4870HQ,2.5ghz,143,
305,bimmerman,Intel Xeon X5675,4.715ghz,142,
306,Intelfreak,Intel Core I5 8250U,1.8ghz,142,
307,ProKoN,Intel Xeon E5260,5.04ghz,141,
308,FireFox,Intel Core I5 2500K,4.0ghz,141,
309,edschofield15,Intel Core I5 2500K,4.0ghz,141,
310,iSky,Intel Core I5 6400 ,2.7ghz,141,
311,AlexCo,2x Intel Xeon E5-2699 V3,2.3ghz,141,
312,Guest,Intel Core I5 4460,3.2ghz,141,
313,Ultraviolet,Intel Core I7 3770,3.4ghz,141,
314,danakahawkeye,AMD Ryzen 5 1600,3.492ghz,141,
315,Jumper118,Intel Core 2 Duo E8400 MKII,4.954ghz,140,
316,ProKoN,AMD FX4300,5.846ghz,139,
317,DeanS,Intel Core I5 2500,3.3ghz,139,
318,Jumper118,Intel Core I5 655K,4.843ghz,138,
319,ProKoN,AMD FX9370,5.756ghz,138,
320,TheElt,Intel Core I7 5557U,3.1ghz,138,
321,Zhiv,Intel Pentium G4560,3.5ghz,138,
322,purple_rider,Intel Core I5 8250U,1.8ghz,138,
323,iHardware Shelden,Intel Core I7 3770 ,3.4ghz,138,
324,PokeCatz,Intel Core I7 4700MQ,2.4ghz,137,
325,Jumper118,Intel Xeon X5680,4.447ghz,137,
326,tbob22,Intel Xeon X5670,4.51ghz,136,
327,thinkoffcenter,2x Intel Xeon E5 2687W V3,3.1ghz,136,
328,Herman Mcpootis,Intel Xeon E3 1230 V3,3.3ghz,136,
329,agent_x007,Intel Xeon X5650,4.51ghz,136,
330,WhatsGoingOn,Intel Core I5 6500HQ,3ghz,135,
331,iggybo,AMD Ryzen 7 1700X,3.767ghz,135,
332,Chevy_Monsenhor,INtel Xeon E3 1220 V3 ,3.1ghz,134,
333,DeanS,Intel Xeon X5690,4.463ghz,134,
334,Hippo,Inel Xeon W3680,4.495ghz,133,
335,Jumper118,AMD FX4170,6.023ghz,133,
336,GoogleGonnaSaveUs,Intel Core I5 7300HQ,2.5ghz,133,
337,Ryan Leech,Intel Core 2 Duo E8500,4.683ghz,132,
338,Jumper118,AMD FX4130,5.932ghz,132,
339,Ookami,Intel Core I7 2600K,3.4ghz,131,
340,Overl0rd,Intel Core I7 980X,4.3ghz,131,
341,Pasi123,Intel Xeon X5670,4.44ghz,131,
342,asand1,Intel Xeon X5680,4.5ghz,131,
343,beebskadoo,Intel Core I7 2600K ,3.4ghz,130,
344,Dabobminable,Intel Core I5 4440,3.1ghz,130,
345,KingCry,Intel Core I7 4700HQ,2.4ghz,130,
346,iHardware Shelden,Intel Core I5 3570K,3.4ghz,130,
347,TheElt,Intel Core I3 4150,3.5ghz,129,
348,Jumper118,Intel Core 2 Quad Q9650,4.489ghz,128,
349,Haduvokone,Intel Core I5 3570,3.4ghz,128,
350,Jumper118,AMD FX8320,5.399ghz,128,
351,Jumper118,Intel Core I3 540,4.508ghz,128,
352,iHardware Shelden,Intel Core I7 5820K,3.99ghz,128,
353,DoctorZeus,Intel Xeon X5675,4.21ghz,128,
354,Tech Wizard,Intel Core I5 8250U,1.8ghz,128,
355,Priller,AMD FX8350,5.35ghz,127,
356,Cheddle,Intel Core I5 750,4.325ghz,127,
357,thinkoffcenter,2x Intel Xeon E5 2680 V2,2.8ghz,127,
358,agent_x007,Intel Core I7 980X,4.101ghz,127,
359,agent_x007,Intel Xeon X3370,4.419ghz,127,
360,Kizune,Intel Core I7 4700EQ,2.4ghz,127,
361,asand1,Intel Xeon X5680,4.3ghz,126,
362,Jumper118,Intel Pentium E6000,4.849ghz,126,
363,computerdaddy,Intel Core I5 750,4.213ghz,126,
364,ProKoN,Intel Core 2 Duo E7500,4.62ghz,125,
365,iHardware Shelden,Intel Xeon E3 1240,3.51ghz,125,
366,fx63007850,AMD FX6300,5.17ghz,124,
367,Audengineer,2x Intel Xeon E5 2630 v2,2.964ghz ,124,
368,BSpendlove,2x Intel Xeon E5 2687W,3.1ghz,124,
369,ElfenSky,Intel Core I7 4710HQ,2.5ghz,124,
370,Stefan1024,2x Intel Xeon E5 2680 ,3.111ghz,124,
371,ryan9298b2,Intel Core I7 990X,4.54ghz,124,
372,Jumper118,Intel Pentium E6500 ,4.675ghz,123,
373,fx63007850,AMD FX8350,5.108ghz,123,
374,Dabobminable,Intel Core 2 Duo E8500,4.418ghz,123,
375,tbob22,Intel Xeon E5 2670 ,3.511ghz,123,
376,done12many2,Intel Core I7 2760QM,2.4ghz,122,
377,stevv,Intel Xeon E3 1230 V2,3.5ghz,121,
378,NathanLawr0,Intel Core I7 920,4ghz,121,
379,LukaP,Intel Core I5 750,4.069ghz,120,
380,FireFox,Intel Core I3 2120,3.48ghz,120,
381,RicY,AMD FX8350,5.016ghz,120,
382,Savanake,Intel Xeon X5470,4.3ghz,120,
383,Chevy_Monsenhor,Intel Xeon X5670,4.009ghz,120,
384,Bubblewhale,Intel Core 2 Quad Q9650,4.194ghz,120,
385,Jumper118,Intel Pentium E5300,4.627ghz,119,
386,Jumper118,Intel Pentium E5200,4.6ghz,119,
387,Jumper118,Intel Pentium E5700,4.589ghz,119,
388,ProKoN,Intel Core 2 Duo E8400,4.238ghz,119,
389,ProKoN,AMD FX8350,4.925ghz,118,
390,bamerx98,AMD FX8350,5.057ghz,118,
391,Kuzma,Intel Xeon E5520,3.8ghz,118,
392,Dabobminable,Intel Xeon E5450,4.239ghz,118,
393,agent_x007,Intel Core 2 Quad QX9770,4.181ghz,118,
394,iHardware Shelden,Intel Core I7 3610QM,2.3ghz,118,
395,Reaver,AMD FX9370,4.917ghz,117,
396,Brekmister,AMD FX6350,4.883ghz,117,
397,iHardware Shelden,Intel Core 2 Quad Q9650,4.124ghz,117,
398,KeltonDSMer,AMD FX8320,4.878ghz,116,
399,DEcobra11,Intel Pentium G3220,3ghz,116,
400,Alienwaredude,Intel Core I7 3610QM,3.2ghz,116,
401,Ratchetman42,Intel Core I7 3630QM,2.4ghz,116,
402,Mugisha,2x Intel Xeon E5 2686 V4,2.3ghz,116,
403,agent_x007,Intel Core i7 965,3.737ghz,115,
404,SageOfSpice,AMD FX6300,4.75ghz,115,
405,Icetrio,Intel Xeon E5 2697 V4,2.3ghz,114,
406,Dabobminable,Intel Pentium E6500K MKII,4.44ghz,114,
407,StormtrooperStu,AMD FX8350,4.817ghz,114,
408,ProKoN,Intel Core I3 3220,3.44ghz,114,
409,KingCry,AMD FX4200,5.076ghz,114,
410,beebskadoo,Intel Core I7 3630QM,2.4ghz,113,
411,harrynowl,AMD A8 5600K MKII,4.89ghz,113,
412,Ragin Asian,AMD FX8320,4.716ghz,112,
413,VSG,Intel Core I7 3630QM,2.4ghz,112,
414,Linearbrun,Intel Core I7 5820K,3.3ghz,112,
415,NnifWald,Intel Xeon E5 2670 ,2.6ghz,112,
416,thinkoffcenter,2x Intel Xeon E5 2695 V3,2.3ghz,112,
417,bear-in-the-air,AMD FX4170,5ghz,112,
418,Darpyface,Intel Core I5 6500U,2.344ghz,112,
419,Jumper118,AMD Sempron 145 MKII,4.482ghz,111,
420,Jumper118,AMD FX6200,5.0ghz,111,(2 cores active)
421,Pvt. 8Ball,AMD FX8350,4.6ghz,110,
422,iSuzak,AMD FX8320,4.715ghz,110,
423,NumLock21,Intel Xeon E5-2620 V3,2.729ghz,110,
424,kittenmetal,AMD FX8320,4.816ghz,110,
425,Overl0rd,Intel Core I5 5300U,2.8ghz,110,
426,rainbrodash666,AMD FX9590,5.016ghz,109,
427,valdyrgramr,AMD FX9370,4.821ghz,109,
428,Prysin,AMD FX8320,4.615ghz,109,
429,agent_x007,Intel Xeon E5440,3.833ghz,109,
430,NumLock21,Intel Core I5 8250U,3ghz,109,
431,Priller,AMD FX8150,4.9ghz,108,
432,Jumper118,AMD A6 5400K,4.844ghz,108,
433,GoogleGonnaSaveUs,Intel Core I5 3230M,2.6ghz,108,
434,iHardware Shelden,AMD FX6300,4.515ghz,107,
435,agent_x007,AMD Phenom II X6 1100T,4.216ghz,107,
436,GoogleGonnaSaveUs,Intel Core I5 3210M,2.5ghz,107,
437,ProKoN,Intel Core I5 2520M,2.5ghz,106,
438,FireFox,Intel Core I5 2520M,2.5ghz,106,
439,runit3,Intel Pentium G645,3.088ghz,106,
440,Jumper118,Intel Core I5 2520M,2.5ghz,105,
441,Jumper118,AMD FX6200,4.7ghz,104,
442,Jumper118,AMD Athlon II X2 370K,4.728ghz,104,
443,scottyseng,Intel Xeon E5 2695 V3,2.5ghz,104,
444,agent_x007,Intel Core 2 Quad QX6850,3.944ghz,104,
445,Dabobminable,Intel Xeon E5450,3.78ghz,104,
446,thinkoffcenter,Xeon E5 2620 V3,2.4ghz,103,
447,ProKoN,Intel Core 2 Quad Q6600,4.002ghz,102,
448,calebr28,AMD Phenom II X6 1090T,3.96ghz,102,
449,Normand_Nadon,AMD FX8370,4.02ghz,102,
450,Dabombinable,Intel Core I5 2540M,2.6ghz,102,
451,TopHatProductions115,2x Intel Xeon X5680,3.458ghz,102,
452,kreotis,AMD Phenom II X6 1040T,3.9ghz,101,
453,Colours,AMD FX8320,4.32ghz,101,
454,Jumper118,AMD Athlon II X4 740,4.318ghz,101,
455,TheElt,Intel Core I5 4200U,2.3ghz,101,
456,tbob22,2x Intel Xeon X5670,2.94ghz,101,
457,Bubblewhale,AMD FX8320,4.314ghz,101,
458,kinski,2x Intel Xeon E5 2667 V3,2.9ghz,101,
459,Pasi123,Intel Core 2 Quad Q9550,3.808ghz,101,
460,Jumper118,Intel Core I7 2630QM,2.6ghz,101,
461,JackOfAllTrades,Intel Core I7 3630QM,3.4ghz,100,
462,Vadim40328,Intel Core I5 4430,3ghz,100,
463,Kizune,Intel xeon D1537,1.7ghz,100,
464,Dabobminable,Intel Pentium E6500K,3.85ghz,99,
465,Jumper118,AMD A4 4000,4.483ghz,99,
466,K0NA,2x Intel Xeon X5675,3.333ghz,98,
467,GoogleGonnaSaveUs,Intel Core i7 3517U,2.4ghz,98,
468,Jumper118,Intel Core I5 2410M,2.3ghz,97,
469,Hacker90,AMD FX4100,4.515ghz,97,
470,BloOdlyne,AMD Phenom II X4 955,3.73ghz,96,
471,Bubblewhale,AMD A8 5600K,4.3ghz,96,
472,MatthewAscough,2x Intel Xeon X5650,2.933ghz,95,
473,Dabobminable,Intel Core 2 Extreme QX6850,3.69ghz,95,
474,herman mcpootis,Intel Xeon E5 2670 V2,2.7ghz,95,
475,Bubblewhale,Intel Core 2 Quad Q6600,3.6ghz,95,
476,agent_x007,Intel Core 2 Quad QX6700,3.618ghz,94,
477,agent_x007,Intel Core 2 Extreme X6800,3.618ghz,93,
478,IHardware Shelden,Intel Core 2 Duo E8600,3.333ghz,93,
479,ToastyBricks,AMD FX6300,3.5ghz,93,
480,Jumper118,AMD Sempron 145,3.92ghz,92,
481,Jumper118,AMD Athlon II X2 220,3.976ghz,92,
482,GzeroD,2x Intel Xeon E5 2665 ,2.4ghz,92,
483,iHardware Shelden,Intel Pentium E5400,3.591ghz,92,
484,magic,AMD FX8150,4.13ghz,91,
485,iHardware Shelden,Intel Pentium E5200,3.5ghz,91,
486,Bubblewhale,Intel Pentium G620,2.6ghz,91,
487,Pasi123,Intel Pentium E5200,3.687ghz,91,
488,HuckinB,AMD FX6300,3.817ghz,91,
489,iHardware Shelden,Intel Core 2 Quad Q6700,3.429ghz,90,
490,Herbinatah,AND FX8150,4.013ghz,89,
491,GoogleGonnaSaveUs,Intel Pentium G630,2.7ghz,89,
492,Pasi123,Intel Core I7 4702HQ,2.2ghz,89,
493,beebskadoo,AMD Phenom II X4 960T,3ghz,88,
494,iHardware Shelden,Intel Xeon X3220,3.402ghz,88,
495,iHardware Shelden,AMD Phenom II X4 840,3.808ghz,88,
496,iHardware Shelden,Intel Core 2 Duo E6550,3.401ghz,87,
497,BbsMentos,Intel Core I5 650,3.2ghz,87,
498,Jumper118,Intel Pentium E2160,3.717ghz,86,
499,BSpendlove,Xeon E5 2620,2ghz,86,
500,iHardware Shelden,Intel Core 2 Duo E6850,3.3ghz,86,
501,iHardware Shelden,Intel Core 2 Duo E6420,3.36ghz,86,
502,GoogleGonnaSaveUs,Intel Core 2 Quad Q9550,3.027ghz,86,
503,iHardware Shelden,AMD Phenom II X2 550,3.611ghz,86,
504,Jumper118,Intel Core 2 Quad Q9650,3ghz,85,
505,iHardware Shelden,Intel Core 2 Duo E6750,3.4ghz,85,
506,Bubblewhale,AMD Athlon II X2 270,3.4ghz,85,
507,Bubblewhale,Intel Core 2 Duo E6600,3.3ghz,85,
508,GoogleGonnaSaveUs,Intel Pentium 2020M,2.4ghz,84,
509,iHardware Shelden,Intel Core I5 5200U,2.2ghz,84,
510,iHardware Shelden,AMD FX8800P,2.1ghz,84,
511,Frosty,2x Intel Xeon E5645,2.4ghz,84,
512,thinkoffcenter,2x Intel Xeon X5650,2.67ghz,83,
513,IHardware Shelden,Intel Pentium E2210,3.701ghz,83,
514,IHardware Shelden,Intel Core 2 Duo E4600,3.36ghz,83,
515,GoogleGonnaSaveUs,Intel Core I3 5005U,2ghz,83,
516,Dabobminable,Intel Core I3 7100U,2.4ghz,83,
517,FireFox,Intel Core 2 Duo E8400 ,3ghz,82,
518,KingCry,AMD Phenom II X2 B511,3.428ghz,82,
519,Dabobminable,Intel Core I5 540M,2.53ghz,82,
520,Overl0rd,Intel Core 2 Duo T9600 ,2.8ghz,81,
521,tmcclelland455,Intel Core 2 Quad Q6600,3ghz,79,
522,KeltonDSMer,Intel Core 2 Quad Q6600,2.89ghz,78,
523,iHardware Shelden,AMD A4 5300,3.4ghz,78,
524,tmcclelland455,Intel Core 2 Duo E7400,2.8ghz,77,
525,Jumper118,Intel Core 2 Duo E6850,3ghz,77,
526,thinkoffcenter,2x Intel Xeon X5365,3ghz,76,
527,Zm0gas,AMD A6 3400M,3ghz,75,
528,ProKoN,Intel Pentium E2140,3.443ghz,74,
529,Dabombinable,Intel Core m3-6Y30,1.5ghz,74,
530,tmcclelland455,Intel Core 2 Duo E7400,2.793ghz,73,
531,Cheddle,Intel Xeon E5430,2.66ghz,73,
532,deansmylie1993,Intel Core I3 3220,3.3ghz,73,
533,tmcclelland455,AMD Athlon 7850 BE,3.1ghz,73,
534,agent_x007,AMD Phenom X4 9950 BE,3.159ghz,73,
535,GoogleGonnaSaveUs,Intel Pentium B960,2.2ghz,73,
536,iHardware Shelden,Intel Pentium E2140,3.252ghz,71,
537,BSpendlove,2x Xeon E5 2609 V3,1.9ghz,70,
538,thinkoffcenter,2x Intel Xeon E5420,2.5ghz,70,
539,kinski,2x Intel Xeon E5 2675 V3,1.8ghz,70,
540,BSpendlove,Xeon E5 2609 V3,1.9ghz,69,
541,iHardware Shelden,AMD Athlon II X2 250,2.704ghz,69,
542,rfjunkie,AMD Phemon II X4 840,3.2ghz,69,
543,herman mcpootis,Intel Xeon X5355,2.667ghz,69,
544,Jumper118,AMD Athlon II X4 635,2.9ghz,68,
545,Bubblewhale,Intel Core i7 720QM,2.793ghz,68,
546,thinkoffcenter,2x Intel Xeon X5355,2.66ghz,68,
547,agent_x007,AMD Athlon 64 X2 FX-60,3.047ghz,68,
548,agent_x007,AMD Athlon 64 X2 FX-62,3.003ghz,68,
549,iHardware Shelden,Intel Core I3 2310M,2.1ghz,68,
550,GoogleGonnaSaveUs,Intel Core I3 370M,2.4ghz,68,
551,FireFox,Intel Core 2 Duo E6750,2.66ghz,67,
552,Jumper118,Intel Core 2 Quad Q8300,2.5ghz,67,
553,Herman Mcpootis,Intel Core I5 M460,2.53ghz,67,
554,Ragin Asian,Intel Core I3 370M,2.4ghz,66,
555,Konasumi,Intel Pentium E5300,2.6ghz,66,
556,tmcclelland455,AMD A6 3650,2.6ghz,65,
557,Jumper118,Intel Pentium D 925,5.011ghz,63,
558,thinkoffcenter,Intel Celeron G1101,2.266ghz,63,
559,iHardware Shelden,Intel Pentium E2160,3.002ghz,63,
560,agent_x007,Intel Pentium D Extreme Edition,5.007ghz,62,
561,BSpendlove,Xeon E5 2603 V3,1.6ghz,61,
562,ProKoN,Intel Core 2 Duo T8100 ,2.1ghz,60,
563,FireFox,Intel Core 2 Duo T8100 ,2.1ghz,60,
564,agent_x007,INel Pentium Extreme Edition 965,4.823ghz,59,
565,Jumper118,AMD A10 7300,3.2ghz,57,
566,maxtch,Intel Core 2 Duo T7400,2.17ghz,55,
567,Dabobminable,AMD Phenom II N970,2.233ghz,53,
568,ProKoN,AMD A6 3400M,1.4ghz,51,
569,agent_x007,Intel Pentium 4 730,4.272ghz,51,
570,Dabobminable,AMD A8 4555M,1.6ghz,51,
571,iHardware Shelden,AMD A10 5757M,2.1ghz,51,
572,namandoesnotpanic,AMD A8 4500M,2.32ghz,51,
573,iHardware Shelden,AMD Phenom X4 9650,2.310ghz,50,
574,agent_x007,Intel Pentium Extreme Edition 840,4.324ghz,49,
575,TheElt,Intel Core 2 Duo T7100,1.989ghz,48,
576,TheElt,Intel Pentium E2180,2ghz,46,
577,DEcobra11,AMD Athlon 64 3700+,2.2ghz,44,
578,GoogleGonnaSaveUs,Intel Core 2 Duo T5500,1.67ghz,42,
579,GoogleGonnaSaveUs,AMD Athlon X2 QL-66,2.2ghz,42,
580,TheElt,AMD Athlon 64 X2 3800+,2ghz,41,
581,GoogleGonnaSaveUs,AMD Turion X2 RM-70,2ghz,41,
582,Dabobminable,AMD Phenom II P920,1.6ghz,40,
583,PokeCatz,Intel Pentium T2370,1.73ghz,40,
584,Cheddle,Intel Atom X7 Z8700,2.4ghz,38,
585,GoogleGonnaSaveUs,AMD Athlon 64 X2 TK-57,1.9ghz,37,
586,Bubblewhale,Intel Pentium 4 531,3ghz,31,
587,Dabobminable,Intel Pentium N3710,1.6ghz,31,
588,Intelfreak,Intel Atom x5 Z8350,1.44ghz,27,
589,GoogleGonnaSaveUs,AMD E-300,1.3ghz,21,